{
  "project_info": {
    "project_number": "831590076582",
    "project_id": "demiprof-b12be",
    "storage_bucket": "demiprof-b12be.appspot.com"
  },
  "client": [
    {
      "client_info": {
        "mobilesdk_app_id": "1:831590076582:android:5c061feed296b1fa31e467",
        "android_client_info": {
          "package_name": "com.dmp.demiprof"
        }
      },
      "oauth_client": [
        {
          "client_id": "831590076582-qvs28cnr13ficd9qfdt4ei123s9vd1fd.apps.googleusercontent.com",
          "client_type": 3
        }
      ],
      "api_key": [
        {
          "current_key": "AIzaSyBozSOtFPPJRKvePDuG8wGmtK0dVqgYJBU"
        }
      ],
      "services": {
        "appinvite_service": {
          "other_platform_oauth_client": [
            {
              "client_id": "831590076582-qvs28cnr13ficd9qfdt4ei123s9vd1fd.apps.googleusercontent.com",
              "client_type": 3
            }
          ]
        }
      }
    }
  ],
  "configuration_version": "1"
}